"database_id","exposure_id","target_id","comparator_id","outcome_id","analysis_id","sequence_number","description","subjects"
"Open Claims",1801,1801,1802,1803,1,1,"Original cohorts",11862
"Open Claims",1801,1801,1802,1803,1,2,"First cohort only & 365 days of obs. prior",10832
"Open Claims",1801,1801,1802,1803,1,3,"Have at least 30 days at risk",10688
"Open Claims",1802,1801,1802,1803,1,1,"Original cohorts",17540
"Open Claims",1802,1801,1802,1803,1,2,"First cohort only & 365 days of obs. prior",17294
"Open Claims",1802,1801,1802,1803,1,3,"Have at least 30 days at risk",17132
"Open Claims",1801,1801,1802,1804,1,1,"Original cohorts",11862
"Open Claims",1801,1801,1802,1804,1,2,"First cohort only & 365 days of obs. prior",10832
"Open Claims",1801,1801,1802,1804,1,3,"Have at least 30 days at risk",10688
"Open Claims",1802,1801,1802,1804,1,1,"Original cohorts",17540
"Open Claims",1802,1801,1802,1804,1,2,"First cohort only & 365 days of obs. prior",17294
"Open Claims",1802,1801,1802,1804,1,3,"Have at least 30 days at risk",17132
"Open Claims",1801,1801,1805,1803,1,1,"Original cohorts",11862
"Open Claims",1801,1801,1805,1803,1,2,"First cohort only & 365 days of obs. prior",10591
"Open Claims",1801,1801,1805,1803,1,3,"Have at least 30 days at risk",10454
"Open Claims",1805,1801,1805,1803,1,1,"Original cohorts",20900
"Open Claims",1805,1801,1805,1803,1,2,"First cohort only & 365 days of obs. prior",20616
"Open Claims",1805,1801,1805,1803,1,3,"Have at least 30 days at risk",20386
"Open Claims",1801,1801,1805,1804,1,1,"Original cohorts",11862
"Open Claims",1801,1801,1805,1804,1,2,"First cohort only & 365 days of obs. prior",10591
"Open Claims",1801,1801,1805,1804,1,3,"Have at least 30 days at risk",10454
"Open Claims",1805,1801,1805,1804,1,1,"Original cohorts",20900
"Open Claims",1805,1801,1805,1804,1,2,"First cohort only & 365 days of obs. prior",20616
"Open Claims",1805,1801,1805,1804,1,3,"Have at least 30 days at risk",20386
"Open Claims",1806,1806,1807,1803,1,1,"Original cohorts",39736
"Open Claims",1806,1806,1807,1803,1,2,"First cohort only & 365 days of obs. prior",35456
"Open Claims",1806,1806,1807,1803,1,3,"Have at least 30 days at risk",34961
"Open Claims",1807,1806,1807,1803,1,1,"Original cohorts",72813
"Open Claims",1807,1806,1807,1803,1,2,"First cohort only & 365 days of obs. prior",71991
"Open Claims",1807,1806,1807,1803,1,3,"Have at least 30 days at risk",71261
"Open Claims",1806,1806,1807,1804,1,1,"Original cohorts",39736
"Open Claims",1806,1806,1807,1804,1,2,"First cohort only & 365 days of obs. prior",35456
"Open Claims",1806,1806,1807,1804,1,3,"Have at least 30 days at risk",34961
"Open Claims",1807,1806,1807,1804,1,1,"Original cohorts",72813
"Open Claims",1807,1806,1807,1804,1,2,"First cohort only & 365 days of obs. prior",71991
"Open Claims",1807,1806,1807,1804,1,3,"Have at least 30 days at risk",71261
"Open Claims",1806,1806,1808,1803,1,1,"Original cohorts",39736
"Open Claims",1806,1806,1808,1803,1,2,"First cohort only & 365 days of obs. prior",34549
"Open Claims",1806,1806,1808,1803,1,3,"Have at least 30 days at risk",34087
"Open Claims",1808,1806,1808,1803,1,1,"Original cohorts",86230
"Open Claims",1808,1806,1808,1803,1,2,"First cohort only & 365 days of obs. prior",85209
"Open Claims",1808,1806,1808,1803,1,3,"Have at least 30 days at risk",84210
"Open Claims",1806,1806,1808,1804,1,1,"Original cohorts",39736
"Open Claims",1806,1806,1808,1804,1,2,"First cohort only & 365 days of obs. prior",34549
"Open Claims",1806,1806,1808,1804,1,3,"Have at least 30 days at risk",34087
"Open Claims",1808,1806,1808,1804,1,1,"Original cohorts",86230
"Open Claims",1808,1806,1808,1804,1,2,"First cohort only & 365 days of obs. prior",85209
"Open Claims",1808,1806,1808,1804,1,3,"Have at least 30 days at risk",84210
"Open Claims",1801,1801,1802,1803,2,1,"Original cohorts",11862
"Open Claims",1801,1801,1802,1803,2,2,"First cohort only & 365 days of obs. prior",10832
"Open Claims",1801,1801,1802,1803,2,3,"Have at least 30 days at risk",10688
"Open Claims",1801,1801,1802,1803,2,4,"Matched on propensity score",7662
"Open Claims",1802,1801,1802,1803,2,1,"Original cohorts",17540
"Open Claims",1802,1801,1802,1803,2,2,"First cohort only & 365 days of obs. prior",17294
"Open Claims",1802,1801,1802,1803,2,3,"Have at least 30 days at risk",17132
"Open Claims",1802,1801,1802,1803,2,4,"Matched on propensity score",7662
"Open Claims",1801,1801,1802,1804,2,1,"Original cohorts",11862
"Open Claims",1801,1801,1802,1804,2,2,"First cohort only & 365 days of obs. prior",10832
"Open Claims",1801,1801,1802,1804,2,3,"Have at least 30 days at risk",10688
"Open Claims",1801,1801,1802,1804,2,4,"Matched on propensity score",7662
"Open Claims",1802,1801,1802,1804,2,1,"Original cohorts",17540
"Open Claims",1802,1801,1802,1804,2,2,"First cohort only & 365 days of obs. prior",17294
"Open Claims",1802,1801,1802,1804,2,3,"Have at least 30 days at risk",17132
"Open Claims",1802,1801,1802,1804,2,4,"Matched on propensity score",7662
"Open Claims",1801,1801,1805,1803,2,1,"Original cohorts",11862
"Open Claims",1801,1801,1805,1803,2,2,"First cohort only & 365 days of obs. prior",10591
"Open Claims",1801,1801,1805,1803,2,3,"Have at least 30 days at risk",10454
"Open Claims",1801,1801,1805,1803,2,4,"Matched on propensity score",8215
"Open Claims",1805,1801,1805,1803,2,1,"Original cohorts",20900
"Open Claims",1805,1801,1805,1803,2,2,"First cohort only & 365 days of obs. prior",20616
"Open Claims",1805,1801,1805,1803,2,3,"Have at least 30 days at risk",20386
"Open Claims",1805,1801,1805,1803,2,4,"Matched on propensity score",8215
"Open Claims",1801,1801,1805,1804,2,1,"Original cohorts",11862
"Open Claims",1801,1801,1805,1804,2,2,"First cohort only & 365 days of obs. prior",10591
"Open Claims",1801,1801,1805,1804,2,3,"Have at least 30 days at risk",10454
"Open Claims",1801,1801,1805,1804,2,4,"Matched on propensity score",8215
"Open Claims",1805,1801,1805,1804,2,1,"Original cohorts",20900
"Open Claims",1805,1801,1805,1804,2,2,"First cohort only & 365 days of obs. prior",20616
"Open Claims",1805,1801,1805,1804,2,3,"Have at least 30 days at risk",20386
"Open Claims",1805,1801,1805,1804,2,4,"Matched on propensity score",8215
"Open Claims",1806,1806,1807,1803,2,1,"Original cohorts",39736
"Open Claims",1806,1806,1807,1803,2,2,"First cohort only & 365 days of obs. prior",35456
"Open Claims",1806,1806,1807,1803,2,3,"Have at least 30 days at risk",34961
"Open Claims",1806,1806,1807,1803,2,4,"Matched on propensity score",26471
"Open Claims",1807,1806,1807,1803,2,1,"Original cohorts",72813
"Open Claims",1807,1806,1807,1803,2,2,"First cohort only & 365 days of obs. prior",71991
"Open Claims",1807,1806,1807,1803,2,3,"Have at least 30 days at risk",71261
"Open Claims",1807,1806,1807,1803,2,4,"Matched on propensity score",26471
"Open Claims",1806,1806,1807,1804,2,1,"Original cohorts",39736
"Open Claims",1806,1806,1807,1804,2,2,"First cohort only & 365 days of obs. prior",35456
"Open Claims",1806,1806,1807,1804,2,3,"Have at least 30 days at risk",34961
"Open Claims",1806,1806,1807,1804,2,4,"Matched on propensity score",26471
"Open Claims",1807,1806,1807,1804,2,1,"Original cohorts",72813
"Open Claims",1807,1806,1807,1804,2,2,"First cohort only & 365 days of obs. prior",71991
"Open Claims",1807,1806,1807,1804,2,3,"Have at least 30 days at risk",71261
"Open Claims",1807,1806,1807,1804,2,4,"Matched on propensity score",26471
"Open Claims",1806,1806,1808,1803,2,1,"Original cohorts",39736
"Open Claims",1806,1806,1808,1803,2,2,"First cohort only & 365 days of obs. prior",34549
"Open Claims",1806,1806,1808,1803,2,3,"Have at least 30 days at risk",34087
"Open Claims",1806,1806,1808,1803,2,4,"Matched on propensity score",27375
"Open Claims",1808,1806,1808,1803,2,1,"Original cohorts",86230
"Open Claims",1808,1806,1808,1803,2,2,"First cohort only & 365 days of obs. prior",85209
"Open Claims",1808,1806,1808,1803,2,3,"Have at least 30 days at risk",84210
"Open Claims",1808,1806,1808,1803,2,4,"Matched on propensity score",27375
"Open Claims",1806,1806,1808,1804,2,1,"Original cohorts",39736
"Open Claims",1806,1806,1808,1804,2,2,"First cohort only & 365 days of obs. prior",34549
"Open Claims",1806,1806,1808,1804,2,3,"Have at least 30 days at risk",34087
"Open Claims",1806,1806,1808,1804,2,4,"Matched on propensity score",27375
"Open Claims",1808,1806,1808,1804,2,1,"Original cohorts",86230
"Open Claims",1808,1806,1808,1804,2,2,"First cohort only & 365 days of obs. prior",85209
"Open Claims",1808,1806,1808,1804,2,3,"Have at least 30 days at risk",84210
"Open Claims",1808,1806,1808,1804,2,4,"Matched on propensity score",27375
"Open Claims",1801,1801,1802,1803,3,1,"Original cohorts",11862
"Open Claims",1801,1801,1802,1803,3,2,"First cohort only & 365 days of obs. prior",10832
"Open Claims",1801,1801,1802,1803,3,3,"Have at least 30 days at risk",10688
"Open Claims",1801,1801,1802,1803,3,4,"Matched on propensity score",7661
"Open Claims",1802,1801,1802,1803,3,1,"Original cohorts",17540
"Open Claims",1802,1801,1802,1803,3,2,"First cohort only & 365 days of obs. prior",17294
"Open Claims",1802,1801,1802,1803,3,3,"Have at least 30 days at risk",17132
"Open Claims",1802,1801,1802,1803,3,4,"Matched on propensity score",7661
"Open Claims",1801,1801,1802,1804,3,1,"Original cohorts",11862
"Open Claims",1801,1801,1802,1804,3,2,"First cohort only & 365 days of obs. prior",10832
"Open Claims",1801,1801,1802,1804,3,3,"Have at least 30 days at risk",10688
"Open Claims",1801,1801,1802,1804,3,4,"Matched on propensity score",7661
"Open Claims",1802,1801,1802,1804,3,1,"Original cohorts",17540
"Open Claims",1802,1801,1802,1804,3,2,"First cohort only & 365 days of obs. prior",17294
"Open Claims",1802,1801,1802,1804,3,3,"Have at least 30 days at risk",17132
"Open Claims",1802,1801,1802,1804,3,4,"Matched on propensity score",7661
"Open Claims",1801,1801,1805,1803,3,1,"Original cohorts",11862
"Open Claims",1801,1801,1805,1803,3,2,"First cohort only & 365 days of obs. prior",10591
"Open Claims",1801,1801,1805,1803,3,3,"Have at least 30 days at risk",10454
"Open Claims",1801,1801,1805,1803,3,4,"Matched on propensity score",8215
"Open Claims",1805,1801,1805,1803,3,1,"Original cohorts",20900
"Open Claims",1805,1801,1805,1803,3,2,"First cohort only & 365 days of obs. prior",20616
"Open Claims",1805,1801,1805,1803,3,3,"Have at least 30 days at risk",20386
"Open Claims",1805,1801,1805,1803,3,4,"Matched on propensity score",8215
"Open Claims",1801,1801,1805,1804,3,1,"Original cohorts",11862
"Open Claims",1801,1801,1805,1804,3,2,"First cohort only & 365 days of obs. prior",10591
"Open Claims",1801,1801,1805,1804,3,3,"Have at least 30 days at risk",10454
"Open Claims",1801,1801,1805,1804,3,4,"Matched on propensity score",8215
"Open Claims",1805,1801,1805,1804,3,1,"Original cohorts",20900
"Open Claims",1805,1801,1805,1804,3,2,"First cohort only & 365 days of obs. prior",20616
"Open Claims",1805,1801,1805,1804,3,3,"Have at least 30 days at risk",20386
"Open Claims",1805,1801,1805,1804,3,4,"Matched on propensity score",8215
"Open Claims",1806,1806,1807,1803,3,1,"Original cohorts",39736
"Open Claims",1806,1806,1807,1803,3,2,"First cohort only & 365 days of obs. prior",35456
"Open Claims",1806,1806,1807,1803,3,3,"Have at least 30 days at risk",34961
"Open Claims",1806,1806,1807,1803,3,4,"Matched on propensity score",26462
"Open Claims",1807,1806,1807,1803,3,1,"Original cohorts",72813
"Open Claims",1807,1806,1807,1803,3,2,"First cohort only & 365 days of obs. prior",71991
"Open Claims",1807,1806,1807,1803,3,3,"Have at least 30 days at risk",71261
"Open Claims",1807,1806,1807,1803,3,4,"Matched on propensity score",26462
"Open Claims",1806,1806,1807,1804,3,1,"Original cohorts",39736
"Open Claims",1806,1806,1807,1804,3,2,"First cohort only & 365 days of obs. prior",35456
"Open Claims",1806,1806,1807,1804,3,3,"Have at least 30 days at risk",34961
"Open Claims",1806,1806,1807,1804,3,4,"Matched on propensity score",26462
"Open Claims",1807,1806,1807,1804,3,1,"Original cohorts",72813
"Open Claims",1807,1806,1807,1804,3,2,"First cohort only & 365 days of obs. prior",71991
"Open Claims",1807,1806,1807,1804,3,3,"Have at least 30 days at risk",71261
"Open Claims",1807,1806,1807,1804,3,4,"Matched on propensity score",26462
"Open Claims",1806,1806,1808,1803,3,1,"Original cohorts",39736
"Open Claims",1806,1806,1808,1803,3,2,"First cohort only & 365 days of obs. prior",34549
"Open Claims",1806,1806,1808,1803,3,3,"Have at least 30 days at risk",34087
"Open Claims",1806,1806,1808,1803,3,4,"Matched on propensity score",27374
"Open Claims",1808,1806,1808,1803,3,1,"Original cohorts",86230
"Open Claims",1808,1806,1808,1803,3,2,"First cohort only & 365 days of obs. prior",85209
"Open Claims",1808,1806,1808,1803,3,3,"Have at least 30 days at risk",84210
"Open Claims",1808,1806,1808,1803,3,4,"Matched on propensity score",27374
"Open Claims",1806,1806,1808,1804,3,1,"Original cohorts",39736
"Open Claims",1806,1806,1808,1804,3,2,"First cohort only & 365 days of obs. prior",34549
"Open Claims",1806,1806,1808,1804,3,3,"Have at least 30 days at risk",34087
"Open Claims",1806,1806,1808,1804,3,4,"Matched on propensity score",27374
"Open Claims",1808,1806,1808,1804,3,1,"Original cohorts",86230
"Open Claims",1808,1806,1808,1804,3,2,"First cohort only & 365 days of obs. prior",85209
"Open Claims",1808,1806,1808,1804,3,3,"Have at least 30 days at risk",84210
"Open Claims",1808,1806,1808,1804,3,4,"Matched on propensity score",27374
"Open Claims",1801,1801,1802,1803,4,1,"Original cohorts",11862
"Open Claims",1801,1801,1802,1803,4,2,"First cohort only & 365 days of obs. prior",10832
"Open Claims",1801,1801,1802,1803,4,3,"Have at least 30 days at risk",10688
"Open Claims",1802,1801,1802,1803,4,1,"Original cohorts",17540
"Open Claims",1802,1801,1802,1803,4,2,"First cohort only & 365 days of obs. prior",17294
"Open Claims",1802,1801,1802,1803,4,3,"Have at least 30 days at risk",17132
"Open Claims",1801,1801,1802,1804,4,1,"Original cohorts",11862
"Open Claims",1801,1801,1802,1804,4,2,"First cohort only & 365 days of obs. prior",10832
"Open Claims",1801,1801,1802,1804,4,3,"Have at least 30 days at risk",10688
"Open Claims",1802,1801,1802,1804,4,1,"Original cohorts",17540
"Open Claims",1802,1801,1802,1804,4,2,"First cohort only & 365 days of obs. prior",17294
"Open Claims",1802,1801,1802,1804,4,3,"Have at least 30 days at risk",17132
"Open Claims",1801,1801,1805,1803,4,1,"Original cohorts",11862
"Open Claims",1801,1801,1805,1803,4,2,"First cohort only & 365 days of obs. prior",10591
"Open Claims",1801,1801,1805,1803,4,3,"Have at least 30 days at risk",10454
"Open Claims",1805,1801,1805,1803,4,1,"Original cohorts",20900
"Open Claims",1805,1801,1805,1803,4,2,"First cohort only & 365 days of obs. prior",20616
"Open Claims",1805,1801,1805,1803,4,3,"Have at least 30 days at risk",20386
"Open Claims",1801,1801,1805,1804,4,1,"Original cohorts",11862
"Open Claims",1801,1801,1805,1804,4,2,"First cohort only & 365 days of obs. prior",10591
"Open Claims",1801,1801,1805,1804,4,3,"Have at least 30 days at risk",10454
"Open Claims",1805,1801,1805,1804,4,1,"Original cohorts",20900
"Open Claims",1805,1801,1805,1804,4,2,"First cohort only & 365 days of obs. prior",20616
"Open Claims",1805,1801,1805,1804,4,3,"Have at least 30 days at risk",20386
"Open Claims",1806,1806,1807,1803,4,1,"Original cohorts",39736
"Open Claims",1806,1806,1807,1803,4,2,"First cohort only & 365 days of obs. prior",35456
"Open Claims",1806,1806,1807,1803,4,3,"Have at least 30 days at risk",34961
"Open Claims",1807,1806,1807,1803,4,1,"Original cohorts",72813
"Open Claims",1807,1806,1807,1803,4,2,"First cohort only & 365 days of obs. prior",71991
"Open Claims",1807,1806,1807,1803,4,3,"Have at least 30 days at risk",71261
"Open Claims",1806,1806,1807,1804,4,1,"Original cohorts",39736
"Open Claims",1806,1806,1807,1804,4,2,"First cohort only & 365 days of obs. prior",35456
"Open Claims",1806,1806,1807,1804,4,3,"Have at least 30 days at risk",34961
"Open Claims",1807,1806,1807,1804,4,1,"Original cohorts",72813
"Open Claims",1807,1806,1807,1804,4,2,"First cohort only & 365 days of obs. prior",71991
"Open Claims",1807,1806,1807,1804,4,3,"Have at least 30 days at risk",71261
"Open Claims",1806,1806,1808,1803,4,1,"Original cohorts",39736
"Open Claims",1806,1806,1808,1803,4,2,"First cohort only & 365 days of obs. prior",34549
"Open Claims",1806,1806,1808,1803,4,3,"Have at least 30 days at risk",34087
"Open Claims",1808,1806,1808,1803,4,1,"Original cohorts",86230
"Open Claims",1808,1806,1808,1803,4,2,"First cohort only & 365 days of obs. prior",85209
"Open Claims",1808,1806,1808,1803,4,3,"Have at least 30 days at risk",84210
"Open Claims",1806,1806,1808,1804,4,1,"Original cohorts",39736
"Open Claims",1806,1806,1808,1804,4,2,"First cohort only & 365 days of obs. prior",34549
"Open Claims",1806,1806,1808,1804,4,3,"Have at least 30 days at risk",34087
"Open Claims",1808,1806,1808,1804,4,1,"Original cohorts",86230
"Open Claims",1808,1806,1808,1804,4,2,"First cohort only & 365 days of obs. prior",85209
"Open Claims",1808,1806,1808,1804,4,3,"Have at least 30 days at risk",84210
"Open Claims",1801,1801,1802,1803,5,1,"Original cohorts",11862
"Open Claims",1801,1801,1802,1803,5,2,"First cohort only & 365 days of obs. prior",10832
"Open Claims",1801,1801,1802,1803,5,3,"Have at least 30 days at risk",10688
"Open Claims",1801,1801,1802,1803,5,4,"Matched on propensity score",7671
"Open Claims",1802,1801,1802,1803,5,1,"Original cohorts",17540
"Open Claims",1802,1801,1802,1803,5,2,"First cohort only & 365 days of obs. prior",17294
"Open Claims",1802,1801,1802,1803,5,3,"Have at least 30 days at risk",17132
"Open Claims",1802,1801,1802,1803,5,4,"Matched on propensity score",7671
"Open Claims",1801,1801,1802,1804,5,1,"Original cohorts",11862
"Open Claims",1801,1801,1802,1804,5,2,"First cohort only & 365 days of obs. prior",10832
"Open Claims",1801,1801,1802,1804,5,3,"Have at least 30 days at risk",10688
"Open Claims",1801,1801,1802,1804,5,4,"Matched on propensity score",7671
"Open Claims",1802,1801,1802,1804,5,1,"Original cohorts",17540
"Open Claims",1802,1801,1802,1804,5,2,"First cohort only & 365 days of obs. prior",17294
"Open Claims",1802,1801,1802,1804,5,3,"Have at least 30 days at risk",17132
"Open Claims",1802,1801,1802,1804,5,4,"Matched on propensity score",7671
"Open Claims",1801,1801,1805,1803,5,1,"Original cohorts",11862
"Open Claims",1801,1801,1805,1803,5,2,"First cohort only & 365 days of obs. prior",10591
"Open Claims",1801,1801,1805,1803,5,3,"Have at least 30 days at risk",10454
"Open Claims",1801,1801,1805,1803,5,4,"Matched on propensity score",8211
"Open Claims",1805,1801,1805,1803,5,1,"Original cohorts",20900
"Open Claims",1805,1801,1805,1803,5,2,"First cohort only & 365 days of obs. prior",20616
"Open Claims",1805,1801,1805,1803,5,3,"Have at least 30 days at risk",20386
"Open Claims",1805,1801,1805,1803,5,4,"Matched on propensity score",8211
"Open Claims",1801,1801,1805,1804,5,1,"Original cohorts",11862
"Open Claims",1801,1801,1805,1804,5,2,"First cohort only & 365 days of obs. prior",10591
"Open Claims",1801,1801,1805,1804,5,3,"Have at least 30 days at risk",10454
"Open Claims",1801,1801,1805,1804,5,4,"Matched on propensity score",8211
"Open Claims",1805,1801,1805,1804,5,1,"Original cohorts",20900
"Open Claims",1805,1801,1805,1804,5,2,"First cohort only & 365 days of obs. prior",20616
"Open Claims",1805,1801,1805,1804,5,3,"Have at least 30 days at risk",20386
"Open Claims",1805,1801,1805,1804,5,4,"Matched on propensity score",8211
"Open Claims",1806,1806,1807,1803,5,1,"Original cohorts",39736
"Open Claims",1806,1806,1807,1803,5,2,"First cohort only & 365 days of obs. prior",35456
"Open Claims",1806,1806,1807,1803,5,3,"Have at least 30 days at risk",34961
"Open Claims",1806,1806,1807,1803,5,4,"Matched on propensity score",26454
"Open Claims",1807,1806,1807,1803,5,1,"Original cohorts",72813
"Open Claims",1807,1806,1807,1803,5,2,"First cohort only & 365 days of obs. prior",71991
"Open Claims",1807,1806,1807,1803,5,3,"Have at least 30 days at risk",71261
"Open Claims",1807,1806,1807,1803,5,4,"Matched on propensity score",26454
"Open Claims",1806,1806,1807,1804,5,1,"Original cohorts",39736
"Open Claims",1806,1806,1807,1804,5,2,"First cohort only & 365 days of obs. prior",35456
"Open Claims",1806,1806,1807,1804,5,3,"Have at least 30 days at risk",34961
"Open Claims",1806,1806,1807,1804,5,4,"Matched on propensity score",26454
"Open Claims",1807,1806,1807,1804,5,1,"Original cohorts",72813
"Open Claims",1807,1806,1807,1804,5,2,"First cohort only & 365 days of obs. prior",71991
"Open Claims",1807,1806,1807,1804,5,3,"Have at least 30 days at risk",71261
"Open Claims",1807,1806,1807,1804,5,4,"Matched on propensity score",26454
"Open Claims",1806,1806,1808,1803,5,1,"Original cohorts",39736
"Open Claims",1806,1806,1808,1803,5,2,"First cohort only & 365 days of obs. prior",34549
"Open Claims",1806,1806,1808,1803,5,3,"Have at least 30 days at risk",34087
"Open Claims",1806,1806,1808,1803,5,4,"Matched on propensity score",27357
"Open Claims",1808,1806,1808,1803,5,1,"Original cohorts",86230
"Open Claims",1808,1806,1808,1803,5,2,"First cohort only & 365 days of obs. prior",85209
"Open Claims",1808,1806,1808,1803,5,3,"Have at least 30 days at risk",84210
"Open Claims",1808,1806,1808,1803,5,4,"Matched on propensity score",27357
"Open Claims",1806,1806,1808,1804,5,1,"Original cohorts",39736
"Open Claims",1806,1806,1808,1804,5,2,"First cohort only & 365 days of obs. prior",34549
"Open Claims",1806,1806,1808,1804,5,3,"Have at least 30 days at risk",34087
"Open Claims",1806,1806,1808,1804,5,4,"Matched on propensity score",27357
"Open Claims",1808,1806,1808,1804,5,1,"Original cohorts",86230
"Open Claims",1808,1806,1808,1804,5,2,"First cohort only & 365 days of obs. prior",85209
"Open Claims",1808,1806,1808,1804,5,3,"Have at least 30 days at risk",84210
"Open Claims",1808,1806,1808,1804,5,4,"Matched on propensity score",27357
"Open Claims",1801,1801,1802,1803,6,1,"Original cohorts",11862
"Open Claims",1801,1801,1802,1803,6,2,"First cohort only & 365 days of obs. prior",10832
"Open Claims",1801,1801,1802,1803,6,3,"Have at least 30 days at risk",10688
"Open Claims",1802,1801,1802,1803,6,1,"Original cohorts",17540
"Open Claims",1802,1801,1802,1803,6,2,"First cohort only & 365 days of obs. prior",17294
"Open Claims",1802,1801,1802,1803,6,3,"Have at least 30 days at risk",17132
"Open Claims",1801,1801,1802,1804,6,1,"Original cohorts",11862
"Open Claims",1801,1801,1802,1804,6,2,"First cohort only & 365 days of obs. prior",10832
"Open Claims",1801,1801,1802,1804,6,3,"Have at least 30 days at risk",10688
"Open Claims",1802,1801,1802,1804,6,1,"Original cohorts",17540
"Open Claims",1802,1801,1802,1804,6,2,"First cohort only & 365 days of obs. prior",17294
"Open Claims",1802,1801,1802,1804,6,3,"Have at least 30 days at risk",17132
"Open Claims",1801,1801,1805,1803,6,1,"Original cohorts",11862
"Open Claims",1801,1801,1805,1803,6,2,"First cohort only & 365 days of obs. prior",10591
"Open Claims",1801,1801,1805,1803,6,3,"Have at least 30 days at risk",10454
"Open Claims",1805,1801,1805,1803,6,1,"Original cohorts",20900
"Open Claims",1805,1801,1805,1803,6,2,"First cohort only & 365 days of obs. prior",20616
"Open Claims",1805,1801,1805,1803,6,3,"Have at least 30 days at risk",20386
"Open Claims",1801,1801,1805,1804,6,1,"Original cohorts",11862
"Open Claims",1801,1801,1805,1804,6,2,"First cohort only & 365 days of obs. prior",10591
"Open Claims",1801,1801,1805,1804,6,3,"Have at least 30 days at risk",10454
"Open Claims",1805,1801,1805,1804,6,1,"Original cohorts",20900
"Open Claims",1805,1801,1805,1804,6,2,"First cohort only & 365 days of obs. prior",20616
"Open Claims",1805,1801,1805,1804,6,3,"Have at least 30 days at risk",20386
"Open Claims",1806,1806,1807,1803,6,1,"Original cohorts",39736
"Open Claims",1806,1806,1807,1803,6,2,"First cohort only & 365 days of obs. prior",35456
"Open Claims",1806,1806,1807,1803,6,3,"Have at least 30 days at risk",34961
"Open Claims",1807,1806,1807,1803,6,1,"Original cohorts",72813
"Open Claims",1807,1806,1807,1803,6,2,"First cohort only & 365 days of obs. prior",71991
"Open Claims",1807,1806,1807,1803,6,3,"Have at least 30 days at risk",71261
"Open Claims",1806,1806,1807,1804,6,1,"Original cohorts",39736
"Open Claims",1806,1806,1807,1804,6,2,"First cohort only & 365 days of obs. prior",35456
"Open Claims",1806,1806,1807,1804,6,3,"Have at least 30 days at risk",34961
"Open Claims",1807,1806,1807,1804,6,1,"Original cohorts",72813
"Open Claims",1807,1806,1807,1804,6,2,"First cohort only & 365 days of obs. prior",71991
"Open Claims",1807,1806,1807,1804,6,3,"Have at least 30 days at risk",71261
"Open Claims",1806,1806,1808,1803,6,1,"Original cohorts",39736
"Open Claims",1806,1806,1808,1803,6,2,"First cohort only & 365 days of obs. prior",34549
"Open Claims",1806,1806,1808,1803,6,3,"Have at least 30 days at risk",34087
"Open Claims",1808,1806,1808,1803,6,1,"Original cohorts",86230
"Open Claims",1808,1806,1808,1803,6,2,"First cohort only & 365 days of obs. prior",85209
"Open Claims",1808,1806,1808,1803,6,3,"Have at least 30 days at risk",84210
"Open Claims",1806,1806,1808,1804,6,1,"Original cohorts",39736
"Open Claims",1806,1806,1808,1804,6,2,"First cohort only & 365 days of obs. prior",34549
"Open Claims",1806,1806,1808,1804,6,3,"Have at least 30 days at risk",34087
"Open Claims",1808,1806,1808,1804,6,1,"Original cohorts",86230
"Open Claims",1808,1806,1808,1804,6,2,"First cohort only & 365 days of obs. prior",85209
"Open Claims",1808,1806,1808,1804,6,3,"Have at least 30 days at risk",84210
"Open Claims",1801,1801,1802,1803,7,1,"Original cohorts",11862
"Open Claims",1801,1801,1802,1803,7,2,"First cohort only & 365 days of obs. prior",10832
"Open Claims",1801,1801,1802,1803,7,3,"Have at least 30 days at risk",10688
"Open Claims",1801,1801,1802,1803,7,4,"Matched on propensity score",7665
"Open Claims",1802,1801,1802,1803,7,1,"Original cohorts",17540
"Open Claims",1802,1801,1802,1803,7,2,"First cohort only & 365 days of obs. prior",17294
"Open Claims",1802,1801,1802,1803,7,3,"Have at least 30 days at risk",17132
"Open Claims",1802,1801,1802,1803,7,4,"Matched on propensity score",7665
"Open Claims",1801,1801,1802,1804,7,1,"Original cohorts",11862
"Open Claims",1801,1801,1802,1804,7,2,"First cohort only & 365 days of obs. prior",10832
"Open Claims",1801,1801,1802,1804,7,3,"Have at least 30 days at risk",10688
"Open Claims",1801,1801,1802,1804,7,4,"Matched on propensity score",7665
"Open Claims",1802,1801,1802,1804,7,1,"Original cohorts",17540
"Open Claims",1802,1801,1802,1804,7,2,"First cohort only & 365 days of obs. prior",17294
"Open Claims",1802,1801,1802,1804,7,3,"Have at least 30 days at risk",17132
"Open Claims",1802,1801,1802,1804,7,4,"Matched on propensity score",7665
"Open Claims",1801,1801,1805,1803,7,1,"Original cohorts",11862
"Open Claims",1801,1801,1805,1803,7,2,"First cohort only & 365 days of obs. prior",10591
"Open Claims",1801,1801,1805,1803,7,3,"Have at least 30 days at risk",10454
"Open Claims",1801,1801,1805,1803,7,4,"Matched on propensity score",8210
"Open Claims",1805,1801,1805,1803,7,1,"Original cohorts",20900
"Open Claims",1805,1801,1805,1803,7,2,"First cohort only & 365 days of obs. prior",20616
"Open Claims",1805,1801,1805,1803,7,3,"Have at least 30 days at risk",20386
"Open Claims",1805,1801,1805,1803,7,4,"Matched on propensity score",8210
"Open Claims",1801,1801,1805,1804,7,1,"Original cohorts",11862
"Open Claims",1801,1801,1805,1804,7,2,"First cohort only & 365 days of obs. prior",10591
"Open Claims",1801,1801,1805,1804,7,3,"Have at least 30 days at risk",10454
"Open Claims",1801,1801,1805,1804,7,4,"Matched on propensity score",8210
"Open Claims",1805,1801,1805,1804,7,1,"Original cohorts",20900
"Open Claims",1805,1801,1805,1804,7,2,"First cohort only & 365 days of obs. prior",20616
"Open Claims",1805,1801,1805,1804,7,3,"Have at least 30 days at risk",20386
"Open Claims",1805,1801,1805,1804,7,4,"Matched on propensity score",8210
"Open Claims",1806,1806,1807,1803,7,1,"Original cohorts",39736
"Open Claims",1806,1806,1807,1803,7,2,"First cohort only & 365 days of obs. prior",35456
"Open Claims",1806,1806,1807,1803,7,3,"Have at least 30 days at risk",34961
"Open Claims",1806,1806,1807,1803,7,4,"Matched on propensity score",26453
"Open Claims",1807,1806,1807,1803,7,1,"Original cohorts",72813
"Open Claims",1807,1806,1807,1803,7,2,"First cohort only & 365 days of obs. prior",71991
"Open Claims",1807,1806,1807,1803,7,3,"Have at least 30 days at risk",71261
"Open Claims",1807,1806,1807,1803,7,4,"Matched on propensity score",26453
"Open Claims",1806,1806,1807,1804,7,1,"Original cohorts",39736
"Open Claims",1806,1806,1807,1804,7,2,"First cohort only & 365 days of obs. prior",35456
"Open Claims",1806,1806,1807,1804,7,3,"Have at least 30 days at risk",34961
"Open Claims",1806,1806,1807,1804,7,4,"Matched on propensity score",26453
"Open Claims",1807,1806,1807,1804,7,1,"Original cohorts",72813
"Open Claims",1807,1806,1807,1804,7,2,"First cohort only & 365 days of obs. prior",71991
"Open Claims",1807,1806,1807,1804,7,3,"Have at least 30 days at risk",71261
"Open Claims",1807,1806,1807,1804,7,4,"Matched on propensity score",26453
"Open Claims",1806,1806,1808,1803,7,1,"Original cohorts",39736
"Open Claims",1806,1806,1808,1803,7,2,"First cohort only & 365 days of obs. prior",34549
"Open Claims",1806,1806,1808,1803,7,3,"Have at least 30 days at risk",34087
"Open Claims",1806,1806,1808,1803,7,4,"Matched on propensity score",27369
"Open Claims",1808,1806,1808,1803,7,1,"Original cohorts",86230
"Open Claims",1808,1806,1808,1803,7,2,"First cohort only & 365 days of obs. prior",85209
"Open Claims",1808,1806,1808,1803,7,3,"Have at least 30 days at risk",84210
"Open Claims",1808,1806,1808,1803,7,4,"Matched on propensity score",27369
"Open Claims",1806,1806,1808,1804,7,1,"Original cohorts",39736
"Open Claims",1806,1806,1808,1804,7,2,"First cohort only & 365 days of obs. prior",34549
"Open Claims",1806,1806,1808,1804,7,3,"Have at least 30 days at risk",34087
"Open Claims",1806,1806,1808,1804,7,4,"Matched on propensity score",27369
"Open Claims",1808,1806,1808,1804,7,1,"Original cohorts",86230
"Open Claims",1808,1806,1808,1804,7,2,"First cohort only & 365 days of obs. prior",85209
"Open Claims",1808,1806,1808,1804,7,3,"Have at least 30 days at risk",84210
"Open Claims",1808,1806,1808,1804,7,4,"Matched on propensity score",27369
"Open Claims",1801,1801,1802,1803,8,1,"Original cohorts",11862
"Open Claims",1801,1801,1802,1803,8,2,"First cohort only & 365 days of obs. prior",10832
"Open Claims",1801,1801,1802,1803,8,3,"Have at least 30 days at risk",10688
"Open Claims",1802,1801,1802,1803,8,1,"Original cohorts",17540
"Open Claims",1802,1801,1802,1803,8,2,"First cohort only & 365 days of obs. prior",17294
"Open Claims",1802,1801,1802,1803,8,3,"Have at least 30 days at risk",17132
"Open Claims",1801,1801,1802,1804,8,1,"Original cohorts",11862
"Open Claims",1801,1801,1802,1804,8,2,"First cohort only & 365 days of obs. prior",10832
"Open Claims",1801,1801,1802,1804,8,3,"Have at least 30 days at risk",10688
"Open Claims",1802,1801,1802,1804,8,1,"Original cohorts",17540
"Open Claims",1802,1801,1802,1804,8,2,"First cohort only & 365 days of obs. prior",17294
"Open Claims",1802,1801,1802,1804,8,3,"Have at least 30 days at risk",17132
"Open Claims",1801,1801,1805,1803,8,1,"Original cohorts",11862
"Open Claims",1801,1801,1805,1803,8,2,"First cohort only & 365 days of obs. prior",10591
"Open Claims",1801,1801,1805,1803,8,3,"Have at least 30 days at risk",10454
"Open Claims",1805,1801,1805,1803,8,1,"Original cohorts",20900
"Open Claims",1805,1801,1805,1803,8,2,"First cohort only & 365 days of obs. prior",20616
"Open Claims",1805,1801,1805,1803,8,3,"Have at least 30 days at risk",20386
"Open Claims",1801,1801,1805,1804,8,1,"Original cohorts",11862
"Open Claims",1801,1801,1805,1804,8,2,"First cohort only & 365 days of obs. prior",10591
"Open Claims",1801,1801,1805,1804,8,3,"Have at least 30 days at risk",10454
"Open Claims",1805,1801,1805,1804,8,1,"Original cohorts",20900
"Open Claims",1805,1801,1805,1804,8,2,"First cohort only & 365 days of obs. prior",20616
"Open Claims",1805,1801,1805,1804,8,3,"Have at least 30 days at risk",20386
"Open Claims",1806,1806,1807,1803,8,1,"Original cohorts",39736
"Open Claims",1806,1806,1807,1803,8,2,"First cohort only & 365 days of obs. prior",35456
"Open Claims",1806,1806,1807,1803,8,3,"Have at least 30 days at risk",34961
"Open Claims",1807,1806,1807,1803,8,1,"Original cohorts",72813
"Open Claims",1807,1806,1807,1803,8,2,"First cohort only & 365 days of obs. prior",71991
"Open Claims",1807,1806,1807,1803,8,3,"Have at least 30 days at risk",71261
"Open Claims",1806,1806,1807,1804,8,1,"Original cohorts",39736
"Open Claims",1806,1806,1807,1804,8,2,"First cohort only & 365 days of obs. prior",35456
"Open Claims",1806,1806,1807,1804,8,3,"Have at least 30 days at risk",34961
"Open Claims",1807,1806,1807,1804,8,1,"Original cohorts",72813
"Open Claims",1807,1806,1807,1804,8,2,"First cohort only & 365 days of obs. prior",71991
"Open Claims",1807,1806,1807,1804,8,3,"Have at least 30 days at risk",71261
"Open Claims",1806,1806,1808,1803,8,1,"Original cohorts",39736
"Open Claims",1806,1806,1808,1803,8,2,"First cohort only & 365 days of obs. prior",34549
"Open Claims",1806,1806,1808,1803,8,3,"Have at least 30 days at risk",34087
"Open Claims",1808,1806,1808,1803,8,1,"Original cohorts",86230
"Open Claims",1808,1806,1808,1803,8,2,"First cohort only & 365 days of obs. prior",85209
"Open Claims",1808,1806,1808,1803,8,3,"Have at least 30 days at risk",84210
"Open Claims",1806,1806,1808,1804,8,1,"Original cohorts",39736
"Open Claims",1806,1806,1808,1804,8,2,"First cohort only & 365 days of obs. prior",34549
"Open Claims",1806,1806,1808,1804,8,3,"Have at least 30 days at risk",34087
"Open Claims",1808,1806,1808,1804,8,1,"Original cohorts",86230
"Open Claims",1808,1806,1808,1804,8,2,"First cohort only & 365 days of obs. prior",85209
"Open Claims",1808,1806,1808,1804,8,3,"Have at least 30 days at risk",84210
