"covariate_analysis_id","covariate_analysis_name","analysis_id"
412,"DrugGroupEraShortTerm",1
802,"ObservationLongTerm",1
410,"DrugGroupEraLongTerm",1
902,"Dcsi",1
710,"MeasurementRangeGroupLongTerm",1
5,"DemographicsEthnicity",1
502,"ProcedureOccurrenceLongTerm",1
604,"DeviceExposureShortTerm",1
702,"MeasurementLongTerm",1
7,"DemographicsIndexMonth",1
1,"DemographicsGender",1
804,"ObservationShortTerm",1
504,"ProcedureOccurrenceShortTerm",1
904,"Chads2Vasc",1
6,"DemographicsIndexYear",1
210,"ConditionGroupEraLongTerm",1
704,"MeasurementShortTerm",1
903,"Chads2",1
212,"ConditionGroupEraShortTerm",1
901,"CharlsonIndex",1
3,"DemographicsAgeGroup",1
413,"DrugGroupEraOverlapping",1
4,"DemographicsRace",1
602,"DeviceExposureLongTerm",1
410,"DrugGroupEraLongTerm",2
7,"DemographicsIndexMonth",2
3,"DemographicsAgeGroup",2
802,"ObservationLongTerm",2
4,"DemographicsRace",2
710,"MeasurementRangeGroupLongTerm",2
5,"DemographicsEthnicity",2
902,"Dcsi",2
704,"MeasurementShortTerm",2
504,"ProcedureOccurrenceShortTerm",2
212,"ConditionGroupEraShortTerm",2
412,"DrugGroupEraShortTerm",2
702,"MeasurementLongTerm",2
804,"ObservationShortTerm",2
1,"DemographicsGender",2
502,"ProcedureOccurrenceLongTerm",2
904,"Chads2Vasc",2
6,"DemographicsIndexYear",2
903,"Chads2",2
901,"CharlsonIndex",2
602,"DeviceExposureLongTerm",2
413,"DrugGroupEraOverlapping",2
210,"ConditionGroupEraLongTerm",2
604,"DeviceExposureShortTerm",2
410,"DrugGroupEraLongTerm",3
7,"DemographicsIndexMonth",3
3,"DemographicsAgeGroup",3
802,"ObservationLongTerm",3
4,"DemographicsRace",3
710,"MeasurementRangeGroupLongTerm",3
5,"DemographicsEthnicity",3
902,"Dcsi",3
704,"MeasurementShortTerm",3
504,"ProcedureOccurrenceShortTerm",3
212,"ConditionGroupEraShortTerm",3
412,"DrugGroupEraShortTerm",3
702,"MeasurementLongTerm",3
804,"ObservationShortTerm",3
1,"DemographicsGender",3
502,"ProcedureOccurrenceLongTerm",3
904,"Chads2Vasc",3
6,"DemographicsIndexYear",3
903,"Chads2",3
901,"CharlsonIndex",3
602,"DeviceExposureLongTerm",3
413,"DrugGroupEraOverlapping",3
210,"ConditionGroupEraLongTerm",3
604,"DeviceExposureShortTerm",3
410,"DrugGroupEraLongTerm",4
7,"DemographicsIndexMonth",4
3,"DemographicsAgeGroup",4
802,"ObservationLongTerm",4
4,"DemographicsRace",4
710,"MeasurementRangeGroupLongTerm",4
5,"DemographicsEthnicity",4
902,"Dcsi",4
704,"MeasurementShortTerm",4
504,"ProcedureOccurrenceShortTerm",4
212,"ConditionGroupEraShortTerm",4
412,"DrugGroupEraShortTerm",4
702,"MeasurementLongTerm",4
804,"ObservationShortTerm",4
1,"DemographicsGender",4
502,"ProcedureOccurrenceLongTerm",4
904,"Chads2Vasc",4
6,"DemographicsIndexYear",4
903,"Chads2",4
901,"CharlsonIndex",4
602,"DeviceExposureLongTerm",4
413,"DrugGroupEraOverlapping",4
210,"ConditionGroupEraLongTerm",4
604,"DeviceExposureShortTerm",4
412,"DrugGroupEraShortTerm",5
802,"ObservationLongTerm",5
410,"DrugGroupEraLongTerm",5
902,"Dcsi",5
710,"MeasurementRangeGroupLongTerm",5
5,"DemographicsEthnicity",5
502,"ProcedureOccurrenceLongTerm",5
604,"DeviceExposureShortTerm",5
702,"MeasurementLongTerm",5
7,"DemographicsIndexMonth",5
1,"DemographicsGender",5
804,"ObservationShortTerm",5
504,"ProcedureOccurrenceShortTerm",5
904,"Chads2Vasc",5
6,"DemographicsIndexYear",5
210,"ConditionGroupEraLongTerm",5
704,"MeasurementShortTerm",5
903,"Chads2",5
212,"ConditionGroupEraShortTerm",5
901,"CharlsonIndex",5
3,"DemographicsAgeGroup",5
413,"DrugGroupEraOverlapping",5
4,"DemographicsRace",5
602,"DeviceExposureLongTerm",5
410,"DrugGroupEraLongTerm",6
7,"DemographicsIndexMonth",6
3,"DemographicsAgeGroup",6
802,"ObservationLongTerm",6
4,"DemographicsRace",6
710,"MeasurementRangeGroupLongTerm",6
5,"DemographicsEthnicity",6
902,"Dcsi",6
704,"MeasurementShortTerm",6
504,"ProcedureOccurrenceShortTerm",6
212,"ConditionGroupEraShortTerm",6
412,"DrugGroupEraShortTerm",6
702,"MeasurementLongTerm",6
804,"ObservationShortTerm",6
1,"DemographicsGender",6
502,"ProcedureOccurrenceLongTerm",6
904,"Chads2Vasc",6
6,"DemographicsIndexYear",6
903,"Chads2",6
901,"CharlsonIndex",6
602,"DeviceExposureLongTerm",6
413,"DrugGroupEraOverlapping",6
210,"ConditionGroupEraLongTerm",6
604,"DeviceExposureShortTerm",6
412,"DrugGroupEraShortTerm",7
802,"ObservationLongTerm",7
410,"DrugGroupEraLongTerm",7
902,"Dcsi",7
710,"MeasurementRangeGroupLongTerm",7
5,"DemographicsEthnicity",7
502,"ProcedureOccurrenceLongTerm",7
604,"DeviceExposureShortTerm",7
702,"MeasurementLongTerm",7
7,"DemographicsIndexMonth",7
1,"DemographicsGender",7
804,"ObservationShortTerm",7
504,"ProcedureOccurrenceShortTerm",7
904,"Chads2Vasc",7
6,"DemographicsIndexYear",7
210,"ConditionGroupEraLongTerm",7
704,"MeasurementShortTerm",7
903,"Chads2",7
212,"ConditionGroupEraShortTerm",7
901,"CharlsonIndex",7
3,"DemographicsAgeGroup",7
413,"DrugGroupEraOverlapping",7
4,"DemographicsRace",7
602,"DeviceExposureLongTerm",7
412,"DrugGroupEraShortTerm",8
802,"ObservationLongTerm",8
410,"DrugGroupEraLongTerm",8
902,"Dcsi",8
710,"MeasurementRangeGroupLongTerm",8
5,"DemographicsEthnicity",8
502,"ProcedureOccurrenceLongTerm",8
604,"DeviceExposureShortTerm",8
702,"MeasurementLongTerm",8
7,"DemographicsIndexMonth",8
1,"DemographicsGender",8
804,"ObservationShortTerm",8
504,"ProcedureOccurrenceShortTerm",8
904,"Chads2Vasc",8
6,"DemographicsIndexYear",8
210,"ConditionGroupEraLongTerm",8
704,"MeasurementShortTerm",8
903,"Chads2",8
212,"ConditionGroupEraShortTerm",8
901,"CharlsonIndex",8
3,"DemographicsAgeGroup",8
413,"DrugGroupEraOverlapping",8
4,"DemographicsRace",8
602,"DeviceExposureLongTerm",8
