{
  "ConceptSets": [
    {
      "id": 0,
      "name": "Tofactinib",
      "expression": {
        "items": [
          {
            "concept": {
              "CONCEPT_ID": 42904205,
              "CONCEPT_NAME": "tofacitinib",
              "STANDARD_CONCEPT": "S",
              "STANDARD_CONCEPT_CAPTION": "Standard",
              "INVALID_REASON": "V",
              "INVALID_REASON_CAPTION": "Valid",
              "CONCEPT_CODE": "1357536",
              "DOMAIN_ID": "Drug",
              "VOCABULARY_ID": "RxNorm",
              "CONCEPT_CLASS_ID": "Ingredient"
            },
            "includeDescendants": true
          }
        ]
      }
    },
    {
      "id": 1,
      "name": "Rheumatoid arthritis",
      "expression": {
        "items": [
          {
            "concept": {
              "CONCEPT_ID": 80809,
              "CONCEPT_NAME": "Rheumatoid arthritis",
              "STANDARD_CONCEPT": "S",
              "STANDARD_CONCEPT_CAPTION": "Standard",
              "INVALID_REASON": "V",
              "INVALID_REASON_CAPTION": "Valid",
              "CONCEPT_CODE": "69896004",
              "DOMAIN_ID": "Condition",
              "VOCABULARY_ID": "SNOMED",
              "CONCEPT_CLASS_ID": "Clinical Finding"
            },
            "includeDescendants": true
          }
        ]
      }
    },
    {
      "id": 18,
      "name": "other biologic indications",
      "expression": {
        "items": [
          {
            "concept": {
              "CONCEPT_ID": 201606,
              "CONCEPT_NAME": "Crohn's disease",
              "STANDARD_CONCEPT": "S",
              "STANDARD_CONCEPT_CAPTION": "Standard",
              "INVALID_REASON": "V",
              "INVALID_REASON_CAPTION": "Valid",
              "CONCEPT_CODE": "34000006",
              "DOMAIN_ID": "Condition",
              "VOCABULARY_ID": "SNOMED",
              "CONCEPT_CLASS_ID": "Clinical Finding"
            },
            "includeDescendants": true
          },
          {
            "concept": {
              "CONCEPT_ID": 81893,
              "CONCEPT_NAME": "Ulcerative colitis",
              "STANDARD_CONCEPT": "S",
              "STANDARD_CONCEPT_CAPTION": "Standard",
              "INVALID_REASON": "V",
              "INVALID_REASON_CAPTION": "Valid",
              "CONCEPT_CODE": "64766004",
              "DOMAIN_ID": "Condition",
              "VOCABULARY_ID": "SNOMED",
              "CONCEPT_CLASS_ID": "Clinical Finding"
            },
            "includeDescendants": true
          },
          {
            "concept": {
              "CONCEPT_ID": 140168,
              "CONCEPT_NAME": "Psoriasis",
              "STANDARD_CONCEPT": "S",
              "STANDARD_CONCEPT_CAPTION": "Standard",
              "INVALID_REASON": "V",
              "INVALID_REASON_CAPTION": "Valid",
              "CONCEPT_CODE": "9014002",
              "DOMAIN_ID": "Condition",
              "VOCABULARY_ID": "SNOMED",
              "CONCEPT_CLASS_ID": "Clinical Finding"
            },
            "includeDescendants": true
          },
          {
            "concept": {
              "CONCEPT_ID": 81931,
              "CONCEPT_NAME": "Psoriasis with arthropathy",
              "STANDARD_CONCEPT": "S",
              "STANDARD_CONCEPT_CAPTION": "Standard",
              "INVALID_REASON": "V",
              "INVALID_REASON_CAPTION": "Valid",
              "CONCEPT_CODE": "33339001",
              "DOMAIN_ID": "Condition",
              "VOCABULARY_ID": "SNOMED",
              "CONCEPT_CLASS_ID": "Clinical Finding"
            },
            "includeDescendants": true
          },
          {
            "concept": {
              "CONCEPT_ID": 437082,
              "CONCEPT_NAME": "Ankylosing spondylitis",
              "STANDARD_CONCEPT": "S",
              "STANDARD_CONCEPT_CAPTION": "Standard",
              "INVALID_REASON": "V",
              "INVALID_REASON_CAPTION": "Valid",
              "CONCEPT_CODE": "9631008",
              "DOMAIN_ID": "Condition",
              "VOCABULARY_ID": "SNOMED",
              "CONCEPT_CLASS_ID": "Clinical Finding"
            },
            "includeDescendants": true
          },
          {
            "concept": {
              "CONCEPT_ID": 4028363,
              "CONCEPT_NAME": "Uveitis",
              "STANDARD_CONCEPT": "S",
              "STANDARD_CONCEPT_CAPTION": "Standard",
              "INVALID_REASON": "V",
              "INVALID_REASON_CAPTION": "Valid",
              "CONCEPT_CODE": "128473001",
              "DOMAIN_ID": "Condition",
              "VOCABULARY_ID": "SNOMED",
              "CONCEPT_CLASS_ID": "Clinical Finding"
            },
            "includeDescendants": true
          },
          {
            "concept": {
              "CONCEPT_ID": 4241223,
              "CONCEPT_NAME": "Hidradenitis suppurativa",
              "STANDARD_CONCEPT": "S",
              "STANDARD_CONCEPT_CAPTION": "Standard",
              "INVALID_REASON": "V",
              "INVALID_REASON_CAPTION": "Valid",
              "CONCEPT_CODE": "59393003",
              "DOMAIN_ID": "Condition",
              "VOCABULARY_ID": "SNOMED",
              "CONCEPT_CLASS_ID": "Clinical Finding"
            },
            "includeDescendants": true
          },
          {
            "concept": {
              "CONCEPT_ID": 4259507,
              "CONCEPT_NAME": "Juvenile idiopathic arthritis",
              "STANDARD_CONCEPT": "S",
              "STANDARD_CONCEPT_CAPTION": "Standard",
              "INVALID_REASON": "V",
              "INVALID_REASON_CAPTION": "Valid",
              "CONCEPT_CODE": "410502007",
              "DOMAIN_ID": "Condition",
              "VOCABULARY_ID": "SNOMED",
              "CONCEPT_CLASS_ID": "Clinical Finding"
            },
            "includeDescendants": true
          },
          {
            "concept": {
              "CONCEPT_ID": 257628,
              "CONCEPT_NAME": "Systemic lupus erythematosus",
              "STANDARD_CONCEPT": "S",
              "STANDARD_CONCEPT_CAPTION": "Standard",
              "INVALID_REASON": "V",
              "INVALID_REASON_CAPTION": "Valid",
              "CONCEPT_CODE": "55464009",
              "DOMAIN_ID": "Condition",
              "VOCABULARY_ID": "SNOMED",
              "CONCEPT_CLASS_ID": "Clinical Finding"
            },
            "includeDescendants": true
          },
          {
            "concept": {
              "CONCEPT_ID": 438688,
              "CONCEPT_NAME": "Sarcoidosis",
              "STANDARD_CONCEPT": "S",
              "STANDARD_CONCEPT_CAPTION": "Standard",
              "INVALID_REASON": "V",
              "INVALID_REASON_CAPTION": "Valid",
              "CONCEPT_CODE": "31541009",
              "DOMAIN_ID": "Condition",
              "VOCABULARY_ID": "SNOMED",
              "CONCEPT_CLASS_ID": "Clinical Finding"
            },
            "includeDescendants": true
          }
        ]
      }
    },
    {
      "id": 28,
      "name": "Adalimumab",
      "expression": {
        "items": [
          {
            "concept": {
              "CONCEPT_ID": 1119119,
              "CONCEPT_NAME": "adalimumab",
              "STANDARD_CONCEPT": "S",
              "STANDARD_CONCEPT_CAPTION": "Standard",
              "INVALID_REASON": "V",
              "INVALID_REASON_CAPTION": "Valid",
              "CONCEPT_CODE": "327361",
              "DOMAIN_ID": "Drug",
              "VOCABULARY_ID": "RxNorm",
              "CONCEPT_CLASS_ID": "Ingredient"
            },
            "includeDescendants": true
          }
        ]
      }
    },
    {
      "id": 29,
      "name": "Etanercept",
      "expression": {
        "items": [
          {
            "concept": {
              "CONCEPT_ID": 1151789,
              "CONCEPT_NAME": "Etanercept",
              "STANDARD_CONCEPT": "S",
              "STANDARD_CONCEPT_CAPTION": "Standard",
              "INVALID_REASON": "V",
              "INVALID_REASON_CAPTION": "Valid",
              "CONCEPT_CODE": "214555",
              "DOMAIN_ID": "Drug",
              "VOCABULARY_ID": "RxNorm",
              "CONCEPT_CLASS_ID": "Ingredient"
            },
            "includeDescendants": true
          }
        ]
      }
    }
  ],
  "PrimaryCriteria": {
    "CriteriaList": [
      {
        "DrugExposure": {
          "CorrelatedCriteria": {
            "Type": "ANY",
            "CriteriaList": [
              {
                "Criteria": {
                  "ConditionOccurrence": {
                    "CodesetId": 18
                  }
                },
                "StartWindow": {
                  "Start": {
                    "Days": 90,
                    "Coeff": -1
                  },
                  "End": {
                    "Days": 30,
                    "Coeff": 1
                  }
                },
                "Occurrence": {
                  "Type": 1,
                  "Count": 0
                }
              }
            ],
            "DemographicCriteriaList": [],
            "Groups": []
          },
          "CodesetId": 0,
          "OccurrenceStartDate": {
            "Value": "2013-01-01",
            "Op": "gte"
          },
          "First": true
        }
      }
    ],
    "ObservationWindow": {
      "PriorDays": 365,
      "PostDays": 0
    },
    "PrimaryCriteriaLimit": {
      "Type": "First"
    }
  },
  "AdditionalCriteria": {
    "Type": "ALL",
    "CriteriaList": [
      {
        "Criteria": {
          "ConditionOccurrence": {
            "CodesetId": 1
          }
        },
        "StartWindow": {
          "Start": {
            "Days": 30,
            "Coeff": -1
          },
          "End": {
            "Days": 30,
            "Coeff": 1
          }
        },
        "Occurrence": {
          "Type": 2,
          "Count": 1
        }
      }
    ],
    "DemographicCriteriaList": [
      {
        "Age": {
          "Value": 18,
          "Op": "gt"
        }
      }
    ],
    "Groups": []
  },
  "QualifiedLimit": {
    "Type": "First"
  },
  "ExpressionLimit": {
    "Type": "First"
  },
  "InclusionRules": [],
  "EndStrategy": {
    "CustomEra": {
      "DrugCodesetId": 0,
      "GapDays": 90,
      "Offset": 90
    }
  },
  "CensoringCriteria": [],
  "CollapseSettings": {
    "CollapseType": "ERA",
    "EraPad": 0
  },
  "CensorWindow": {}
}
